arm,step,train_loss,eval_loss,eval_token_accuracy,learning_rate,gold_exposures,silver_exposures
B0-A,0,,4.5063012367071105,0.31893687707641194,,0,0
B0-A,1,4.89459890127182,,,0.0002,8,0
B0-A,2,4.0245360136032104,,,0.0002,16,0
B0-A,3,4.043213665485382,,,0.0002,24,0
B0-A,4,3.608379691839218,,,0.0002,32,0
B0-A,5,3.2478692680597305,,,0.0002,40,0
B0-A,6,2.9374717473983765,,,0.0002,48,0
B0-A,7,3.1034388840198517,,,0.0002,56,0
B0-A,8,2.9220968782901764,,,0.0002,64,0
B0-A,9,2.391961395740509,,,0.0002,72,0
B0-A,10,2.628194324672222,4.076507541428373,0.29900332225913623,0.0002,80,0
B0-A,11,2.2011483311653137,,,0.0002,88,0
B0-A,12,2.525272160768509,,,0.0002,96,0
B0-A,13,1.8069656416773796,,,0.0002,104,0
B0-A,14,1.8976981043815613,,,0.0002,112,0
B0-A,15,1.1936232224106789,,,0.0002,120,0
B0-A,16,1.1244239769876003,,,0.0002,128,0
B0-A,17,0.7188000679016113,,,0.0002,136,0
B0-A,18,0.6632948964834213,,,0.0002,144,0
B0-A,19,0.9130625911056995,,,0.0002,152,0
B0-A,20,0.45018106792122126,5.807382027572175,0.24584717607973422,0.0002,160,0
B0-A,21,0.6035915948450565,,,0.0002,168,0
B0-A,22,0.33253425545990467,,,0.0002,176,0
B0-A,23,0.348977685905993,,,0.0002,184,0
B0-A,24,0.19675921089947224,,,0.0002,192,0
B0-A,25,0.21727951802313328,,,0.0002,200,0
B0-A,26,0.14107734058052301,,,0.0002,208,0
B0-A,27,0.12103156675584614,,,0.0002,216,0
B0-A,28,0.10886037955060601,,,0.0002,224,0
B0-A,29,0.32505546789616346,,,0.0002,232,0
B0-A,30,0.23901480808854103,6.440581378746667,0.25249169435215946,0.0002,240,0
B0-A,31,0.10618312144652009,,,0.0002,248,0
B0-A,32,0.07337501924484968,,,0.0002,256,0
B0-A,33,0.06784283742308617,,,0.0002,264,0
B0-A,34,0.07383589842356741,,,0.0002,272,0
B0-A,35,0.10418799449689686,,,0.0002,280,0
B0-A,36,0.09516575332963839,,,0.0002,288,0
B0-A,37,0.05908807145897299,,,0.0002,296,0
B0-A,38,0.025304957409389317,,,0.0002,304,0
B0-A,39,0.03921424056170508,,,0.0002,312,0
B0-A,40,0.023300737142562866,6.781491781786035,0.2425249169435216,0.0002,320,0
B0-A,41,0.08448820177000016,,,0.0002,328,0
B0-A,42,0.05367659530020319,,,0.0002,336,0
B0-A,43,0.04774450093100313,,,0.0002,344,0
B0-A,44,0.0978082290966995,,,0.0002,352,0
B0-A,45,0.04684774449560791,,,0.0002,360,0
B0-A,46,0.014162047707941383,,,0.0002,368,0
B0-A,47,0.02708003210136667,,,0.0002,376,0
B0-A,48,0.03338307933881879,,,0.0002,384,0
B0-A,49,0.014132374781183898,,,0.0002,392,0
B0-A,50,0.025022806483320892,6.451338720480073,0.2591362126245847,0.0002,400,0
B0-A,51,0.02399125136435032,,,0.0002,408,0
B0-A,52,0.016936514526605606,,,0.0002,416,0
B0-A,53,0.018065843440126628,,,0.0002,424,0
B0-A,54,0.02682556794025004,,,0.0002,432,0
B0-A,55,0.010296366795955691,,,0.0002,440,0
B0-A,56,0.023266358446562663,,,0.0002,448,0
B0-A,57,0.006347775321046356,,,0.0002,456,0
B0-A,58,0.016253339614195284,,,0.0002,464,0
B0-A,59,0.00943387413281016,,,0.0002,472,0
B0-A,60,0.020916385474265553,6.703812786114968,0.2558139534883721,0.0002,480,0
B0-A,61,0.0020734599311253987,,,0.0002,488,0
B0-A,62,0.0721939693466993,,,0.0002,496,0
B0-A,63,0.057595169520936906,,,0.0002,504,0
B0-A,64,0.019258374377386644,,,0.0002,512,0
B0-A,65,0.013383778983552475,,,0.0002,520,0
B0-A,66,0.007008034270256758,,,0.0002,528,0
B0-A,67,0.0097339855710743,,,0.0002,536,0
B0-A,68,0.0021725823025917634,,,0.0002,544,0
B0-A,69,0.0028437095825211145,,,0.0002,552,0
B0-A,70,0.004601979846484028,6.458815872471198,0.2591362126245847,0.0002,560,0
B0-A,71,0.019701541823451407,,,0.0002,568,0
B0-A,72,0.008946974579885136,,,0.0002,576,0
B0-A,73,0.0010511691980354954,,,0.0002,584,0
B0-A,74,0.0014135954988887534,,,0.0002,592,0
B0-A,75,0.01437974744476378,,,0.0002,600,0
B0-A,76,0.002657939367054496,,,0.0002,608,0
B0-A,77,0.003057905618334189,,,0.0002,616,0
B0-A,78,0.0008013497536012437,,,0.0002,624,0
B0-A,79,0.0015805920847924426,,,0.0002,632,0
B0-A,80,0.0016272895336442161,6.495771511052534,0.2591362126245847,0.0002,640,0
B0-A,81,0.011517016071593389,,,0.0002,648,0
B0-A,82,0.01227264744011336,,,0.0002,656,0
B0-A,83,0.0013241656124591827,,,0.0002,664,0
B0-A,84,0.019347583929629764,,,0.0002,672,0
B0-A,85,0.008599436878284905,,,0.0002,680,0
B0-A,86,0.0007444570364896208,,,0.0002,688,0
B0-A,87,0.0014617458255088422,,,0.0002,696,0
B0-A,88,0.03920203661255073,,,0.0002,704,0
B0-A,89,0.0005828127141285222,,,0.0002,712,0
B0-A,90,0.050975892700080294,6.466414347043465,0.26245847176079734,0.0002,720,0
B0-A,91,0.0012525492493296042,,,0.0002,728,0
B0-A,92,0.0033371356112184003,,,0.0002,736,0
B0-A,93,0.025226839185052086,,,0.0002,744,0
B0-A,94,0.08269933170595323,,,0.0002,752,0
B0-A,95,0.00664907669488457,,,0.0002,760,0
B0-A,96,0.021400499859737465,,,0.0002,768,0
B0-A,97,0.002596216534584528,,,0.0002,776,0
B0-A,98,0.006583154055988416,,,0.0002,784,0
B0-A,99,0.017922065810125787,,,0.0002,792,0
B0-A,100,0.0022612132379435934,6.3725955018965506,0.26578073089701,0.0002,800,0
B0-B,0,,4.5063012367071105,0.31893687707641194,,0,0
B0-B,1,4.920456677675247,,,0.0002,5,3
B0-B,2,4.117039173841476,,,0.0002,7,9
B0-B,3,4.39766451716423,,,0.0002,10,14
B0-B,4,3.977920740842819,,,0.0002,12,20
B0-B,5,4.044305890798569,,,0.0002,14,26
B0-B,6,4.109670966863632,,,0.0002,16,32
B0-B,7,3.4681048691272736,,,0.0002,19,37
B0-B,8,3.48115137219429,,,0.0002,21,43
B0-B,9,3.698873609304428,,,0.0002,24,48
B0-B,10,3.542847514152527,3.746083368098617,0.33222591362126247,0.0002,24,56
B0-B,11,3.816022604703903,,,0.0002,26,62
B0-B,12,3.5796369910240173,,,0.0002,29,67
B0-B,13,3.9347488284111023,,,0.0002,30,74
B0-B,14,3.1846384704113007,,,0.0002,32,80
B0-B,15,3.7655570805072784,,,0.0002,32,88
B0-B,16,3.4662002474069595,,,0.0002,33,95
B0-B,17,3.8270267248153687,,,0.0002,35,101
B0-B,18,3.5107277631759644,,,0.0002,41,103
B0-B,19,3.239664077758789,,,0.0002,44,108
B0-B,20,3.510781913995743,3.789342786782604,0.3222591362126246,0.0002,45,115
B0-B,21,3.5295290052890778,,,0.0002,46,122
B0-B,22,3.299642711877823,,,0.0002,48,128
B0-B,23,3.103888139128685,,,0.0002,52,132
B0-B,24,3.2897184044122696,,,0.0002,56,136
B0-B,25,3.2922145426273346,,,0.0002,57,143
B0-B,26,3.616433933377266,,,0.0002,60,148
B0-B,27,3.415288358926773,,,0.0002,61,155
B0-B,28,3.4192367792129517,,,0.0002,62,162
B0-B,29,3.1733658015727997,,,0.0002,64,168
B0-B,30,3.036537393927574,3.7759911681330482,0.33554817275747506,0.0002,68,172
B0-B,31,2.9265018701553345,,,0.0002,70,178
B0-B,32,3.380570188164711,,,0.0002,73,183
B0-B,33,3.026089370250702,,,0.0002,75,189
B0-B,34,3.2260977923870087,,,0.0002,77,195
B0-B,35,3.4779966473579407,,,0.0002,79,201
B0-B,36,3.9235023856163025,,,0.0002,80,208
B0-B,37,3.8649414479732513,,,0.0002,80,216
B0-B,38,3.52876478433609,,,0.0002,81,223
B0-B,39,2.000695154070854,,,0.0002,87,225
B0-B,40,3.0200213342905045,3.7687596601505216,0.31893687707641194,0.0002,90,230
B0-B,41,2.896061770617962,,,0.0002,94,234
B0-B,42,3.5918453335762024,,,0.0002,96,240
B0-B,43,3.249114140868187,,,0.0002,100,244
B0-B,44,4.150602638721466,,,0.0002,100,252
B0-B,45,3.865107536315918,,,0.0002,100,260
B0-B,46,2.6362436786293983,,,0.0002,104,264
B0-B,47,3.2648553624749184,,,0.0002,105,271
B0-B,48,2.995686411857605,,,0.0002,105,279
B0-B,49,3.8583308160305023,,,0.0002,105,287
B0-B,50,2.4728598780930042,3.7898862837160943,0.3023255813953488,0.0002,108,292
B0-B,51,3.245918497443199,,,0.0002,109,299
B0-B,52,1.650396617129445,,,0.0002,114,302
B0-B,53,2.419333852827549,,,0.0002,118,306
B0-B,54,3.2569588869810104,,,0.0002,121,311
B0-B,55,2.594680581241846,,,0.0002,124,316
B0-B,56,2.655828546732664,,,0.0002,127,321
B0-B,57,2.3822086304426193,,,0.0002,131,325
B0-B,58,2.963586237281561,,,0.0002,133,331
B0-B,59,2.325179912149906,,,0.0002,136,336
B0-B,60,2.865811076015234,3.916561636021763,0.2823920265780731,0.0002,139,341
B0-B,61,3.3793158009648323,,,0.0002,140,348
B0-B,62,2.655942741781473,,,0.0002,143,353
B0-B,63,3.0020141415297985,,,0.0002,144,360
B0-B,64,2.5244601909071207,,,0.0002,147,365
B0-B,65,3.2008951818570495,,,0.0002,148,372
B0-B,66,2.618063911795616,,,0.0002,150,378
B0-B,67,2.1417602598667145,,,0.0002,152,384
B0-B,68,1.4207462817430496,,,0.0002,158,386
B0-B,69,1.9003346748650074,,,0.0002,162,390
B0-B,70,3.18681862950325,3.8358753670093626,0.32558139534883723,0.0002,162,398
B0-B,71,2.4330536685884,,,0.0002,165,403
B0-B,72,1.6972175715491176,,,0.0002,169,407
B0-B,73,3.6935217678546906,,,0.0002,169,415
B0-B,74,2.574719571508467,,,0.0002,172,420
B0-B,75,3.3863215148448944,,,0.0002,172,428
B0-B,76,3.4516985714435577,,,0.0002,172,436
B0-B,77,1.792654343880713,,,0.0002,176,440
B0-B,78,2.778949212282896,,,0.0002,179,445
B0-B,79,2.7917919736355543,,,0.0002,180,452
B0-B,80,1.9418913200497627,3.7924626633970444,0.31893687707641194,0.0002,184,456
B0-B,81,2.444672669749707,,,0.0002,187,461
B0-B,82,2.3049328941851854,,,0.0002,191,465
B0-B,83,2.9840255454182625,,,0.0002,191,473
B0-B,84,0.8150847591459751,,,0.0002,197,475
B0-B,85,2.8443641159683466,,,0.0002,198,482
B0-B,86,2.217112682759762,,,0.0002,201,487
B0-B,87,2.6969414688646793,,,0.0002,203,493
B0-B,88,2.2360045169480145,,,0.0002,205,499
B0-B,89,3.135937511920929,,,0.0002,207,505
B0-B,90,2.7157035805284977,4.058356453017935,0.31893687707641194,0.0002,209,511
B0-B,91,1.1331136133521795,,,0.0002,213,515
B0-B,92,3.693205028772354,,,0.0002,213,523
B0-B,93,3.125866842456162,,,0.0002,214,530
B0-B,94,2.359757070429623,,,0.0002,217,535
B0-B,95,2.169461176265031,,,0.0002,220,540
B0-B,96,2.3096728306263685,,,0.0002,224,544
B0-B,97,2.655541133135557,,,0.0002,226,550
B0-B,98,3.1771824546158314,,,0.0002,227,557
B0-B,99,1.8687019404023886,,,0.0002,230,562
B0-B,100,2.585897559300065,3.812666489040337,0.31893687707641194,0.0002,232,568
